fullname,region,pottery_type,name,reference,pages,filename
.\pottery\Crete\Decoration\Crete__Barbotine__Evans_1964__pl47_fig3.6.tif,Crete,Decoration,Barbotine,BPU7IJGK,pl47_fig3.6.tif,Crete__Barbotine__Evans_1964__pl47_fig3.6.tif
.\pottery\Crete\Decoration\Crete__Brushed__Tomkins_2007__p26_fig1.5.7.tif,Crete,Decoration,Brushed,DR2ZWXQB,p26_fig1.5.7.tif,Crete__Brushed__Tomkins_2007__p26_fig1.5.7.tif
.\pottery\Crete\Decoration\Crete__Burnished__Evans_1964__pl47_fig1.7.tif,Crete,Decoration,Burnished,BPU7IJGK,pl47_fig1.7.tif,Crete__Burnished__Evans_1964__pl47_fig1.7.tif
.\pottery\Crete\Decoration\Crete__Coarse__Tomkins_2007__p42_fig1.14.2.tif,Crete,Decoration,Coarse,DR2ZWXQB,p42_fig1.14.2.tif,Crete__Coarse__Tomkins_2007__p42_fig1.14.2.tif
.\pottery\Crete\Decoration\Crete__Grooved__Tomkins_2007__p26_fig1.5.2.tif,Crete,Decoration,Grooved,DR2ZWXQB,p26_fig1.5.2.tif,Crete__Grooved__Tomkins_2007__p26_fig1.5.2.tif
.\pottery\Crete\Decoration\Crete__Incised_Pointillé_Decoration__Evans_1964__pl46_fig3.5.tif,Crete,Decoration,Incised_Pointillé_Decoration,BPU7IJGK,pl46_fig3.5.tif,Crete__Incised_Pointillé_Decoration__Evans_1964__pl46_fig3.5.tif
.\pottery\Crete\Decoration\Crete__Incised__Evans_1964__pl49_fig1.1-15.tif,Crete,Decoration,Incised,BPU7IJGK,pl49_fig1.1-15.tif,Crete__Incised__Evans_1964__pl49_fig1.1-15.tif
.\pottery\Crete\Decoration\Crete__Painted__Tomkins_2007__p26_fig1.5.8.tif,Crete,Decoration,Painted,DR2ZWXQB,p26_fig1.5.8.tif,Crete__Painted__Tomkins_2007__p26_fig1.5.8.tif
.\pottery\Crete\Decoration\Crete__Pattern_Burnished__Tomkins_2007__p38_fig1.11.tif,Crete,Decoration,Pattern_Burnished,DR2ZWXQB,p38_fig1.11.tif,Crete__Pattern_Burnished__Tomkins_2007__p38_fig1.11.tif
.\pottery\Crete\Decoration\Crete__Pellet_Decoration__Tomkins_2007__p26_fig1.5.6.tif,Crete,Decoration,Pellet_Decoration,DR2ZWXQB,p26_fig1.5.6.tif,Crete__Pellet_Decoration__Tomkins_2007__p26_fig1.5.6.tif
.\pottery\Crete\Decoration\Crete__Plastic_Cordon_Decoration__Evans_1964__pl46_fig1.8.tif,Crete,Decoration,Plastic_Cordon_Decoration,BPU7IJGK,pl46_fig1.8.tif,Crete__Plastic_Cordon_Decoration__Evans_1964__pl46_fig1.8.tif
.\pottery\Crete\Decoration\Crete__Plastic__Evans_1964__pl49_fig2.1-2.tif,Crete,Decoration,Plastic,BPU7IJGK,pl49_fig2.1-2.tif,Crete__Plastic__Evans_1964__pl49_fig2.1-2.tif
.\pottery\Crete\Decoration\Crete__Pointillé_Decoration__Evans_1964__pl46_fig1.4.tif,Crete,Decoration,Pointillé_Decoration,BPU7IJGK,pl46_fig1.4.tif,Crete__Pointillé_Decoration__Evans_1964__pl46_fig1.4.tif
.\pottery\Crete\Decoration\Crete__Red_On_Buff__Tomkins_2007__p47_fig1.16.4.tif,Crete,Decoration,Red_On_Buff,DR2ZWXQB,p47_fig1.16.4.tif,Crete__Red_On_Buff__Tomkins_2007__p47_fig1.16.4.tif
.\pottery\Crete\Decoration\Crete__Rippled_Burnished__Evans_1964__pl51_fig3.tif,Crete,Decoration,Rippled_Burnished,BPU7IJGK,pl51_fig3.tif,Crete__Rippled_Burnished__Evans_1964__pl51_fig3.tif
.\pottery\Crete\Decoration\Crete__Rippled__Evans_1964__pl51_fig3.tif,Crete,Decoration,Rippled,BPU7IJGK,pl51_fig3.tif,Crete__Rippled__Evans_1964__pl51_fig3.tif
.\pottery\Crete\Decoration\Crete__Scribble_Burnished__Evans_1964__pl43_fig2.tif,Crete,Decoration,Scribble_Burnished,BPU7IJGK,pl43_fig2.tif,Crete__Scribble_Burnished__Evans_1964__pl43_fig2.tif
.\pottery\Crete\Decoration\Crete__Wiped__Tomkins_2007__p47_fig1.16.1.tif,Crete,Decoration,Wiped,DR2ZWXQB,p47_fig1.16.1.tif,Crete__Wiped__Tomkins_2007__p47_fig1.16.1.tif
.\pottery\Crete\Detail\Crete__Concave_Flat_Base__Tomkins_2007__p28_fig1.7.13.tif,Crete,Detail,Concave_Flat_Base,DR2ZWXQB,p28_fig1.7.13.tif,Crete__Concave_Flat_Base__Tomkins_2007__p28_fig1.7.13.tif
.\pottery\Crete\Detail\Crete__Double_Horned_Wishbone_Handle__Tomkins_2007__p24_fig1.4.21.tif,Crete,Detail,Double_Horned_Wishbone_Handle,DR2ZWXQB,p24_fig1.4.21.tif,Crete__Double_Horned_Wishbone_Handle__Tomkins_2007__p24_fig1.4.21.tif
.\pottery\Crete\Detail\Crete__Ear_Handle__Tomkins_2007__p22_fig1.3.7.tif,Crete,Detail,Ear_Handle,DR2ZWXQB,p22_fig1.3.7.tif,Crete__Ear_Handle__Tomkins_2007__p22_fig1.3.7.tif
.\pottery\Crete\Detail\Crete__Everted_Rim__Tomkins_2007__p43_fig1.15.17.tif,Crete,Detail,Everted_Rim,DR2ZWXQB,p43_fig1.15.17.tif,Crete__Everted_Rim__Tomkins_2007__p43_fig1.15.17.tif
.\pottery\Crete\Detail\Crete__Fenestrated_Pedestal__Tomkins_2007__p37_fig1.10.27.tif,Crete,Detail,Fenestrated_Pedestal,DR2ZWXQB,p37_fig1.10.27.tif,Crete__Fenestrated_Pedestal__Tomkins_2007__p37_fig1.10.27.tif
.\pottery\Crete\Detail\Crete__Flaring_Rim__Tomkins_2007__p28_fig1.7.28.tif,Crete,Detail,Flaring_Rim,DR2ZWXQB,p28_fig1.7.28.tif,Crete__Flaring_Rim__Tomkins_2007__p28_fig1.7.28.tif
.\pottery\Crete\Detail\Crete__Flat_Base__Tomkins_2007__p34_fig1.9.46.tif,Crete,Detail,Flat_Base,DR2ZWXQB,p34_fig1.9.46.tif,Crete__Flat_Base__Tomkins_2007__p34_fig1.9.46.tif
.\pottery\Crete\Detail\Crete__Flat_Topped_Rim__Tomkins_2007__p37_fig1.10.3.tif,Crete,Detail,Flat_Topped_Rim,DR2ZWXQB,p37_fig1.10.3.tif,Crete__Flat_Topped_Rim__Tomkins_2007__p37_fig1.10.3.tif
.\pottery\Crete\Detail\Crete__Horned_Handle__Tomkins_2007__p40_fig1.12.26.tif,Crete,Detail,Horned_Handle,DR2ZWXQB,p40_fig1.12.26.tif,Crete__Horned_Handle__Tomkins_2007__p40_fig1.12.26.tif
.\pottery\Crete\Detail\Crete__Knobbed_Wishbone_Handle__Tomkins_2007__p31_fig1.8.10.tif,Crete,Detail,Knobbed_Wishbone_Handle,DR2ZWXQB,p31_fig1.8.10.tif,Crete__Knobbed_Wishbone_Handle__Tomkins_2007__p31_fig1.8.10.tif
.\pottery\Crete\Detail\Crete__Ledge_Lug__Tomkins_2007__p40_fig1.12.1.tif,Crete,Detail,Ledge_Lug,DR2ZWXQB,p40_fig1.12.1.tif,Crete__Ledge_Lug__Tomkins_2007__p40_fig1.12.1.tif
.\pottery\Crete\Detail\Crete__Miniature_Strap_Handle__Tomkins_2007__p43_fig1.15.22.tif,Crete,Detail,Miniature_Strap_Handle,DR2ZWXQB,p43_fig1.15.22.tif,Crete__Miniature_Strap_Handle__Tomkins_2007__p43_fig1.15.22.tif
.\pottery\Crete\Detail\Crete__Offset_Rim__Tomkins_2007__p22_fig1.3.11.tif,Crete,Detail,Offset_Rim,DR2ZWXQB,p22_fig1.3.11.tif,Crete__Offset_Rim__Tomkins_2007__p22_fig1.3.11.tif
.\pottery\Crete\Detail\Crete__Pedestal_Base__Tomkins_2007__p43_fig1.15.18.tif,Crete,Detail,Pedestal_Base,DR2ZWXQB,p43_fig1.15.18.tif,Crete__Pedestal_Base__Tomkins_2007__p43_fig1.15.18.tif
.\pottery\Crete\Detail\Crete__Pedestal__Tomkins_2007__p37_fig1.10.17.tif,Crete,Detail,Pedestal,DR2ZWXQB,p37_fig1.10.17.tif,Crete__Pedestal__Tomkins_2007__p37_fig1.10.17.tif
.\pottery\Crete\Detail\Crete__Pronged_Wishbone_Handle__Tomkins_2007__p34_fig1.9.10-11.tif,Crete,Detail,Pronged_Wishbone_Handle,DR2ZWXQB,p34_fig1.9.10-11.tif,Crete__Pronged_Wishbone_Handle__Tomkins_2007__p34_fig1.9.10-11.tif
.\pottery\Crete\Detail\Crete__Rim_Attached_Strap_Handle__Tomkins_2007__p31_fig1.8.22.tif,Crete,Detail,Rim_Attached_Strap_Handle,DR2ZWXQB,p31_fig1.8.22.tif,Crete__Rim_Attached_Strap_Handle__Tomkins_2007__p31_fig1.8.22.tif
.\pottery\Crete\Detail\Crete__Strap_Handle_With_Round_Hole__Tomkins_2007__p41_fig1.13.2.tif,Crete,Detail,Strap_Handle_With_Round_Hole,DR2ZWXQB,p41_fig1.13.2.tif,Crete__Strap_Handle_With_Round_Hole__Tomkins_2007__p41_fig1.13.2.tif
.\pottery\Crete\Detail\Crete__Strap_Handle__Tomkins_2007__p40_fig1.12.2.tif,Crete,Detail,Strap_Handle,DR2ZWXQB,p40_fig1.12.2.tif,Crete__Strap_Handle__Tomkins_2007__p40_fig1.12.2.tif
.\pottery\Crete\Detail\Crete__Tab_Handle__Tomkins_2007__p34_fig1.9.12.tif,Crete,Detail,Tab_Handle,DR2ZWXQB,p34_fig1.9.12.tif,Crete__Tab_Handle__Tomkins_2007__p34_fig1.9.12.tif
.\pottery\Crete\Detail\Crete__Tapered_Up_Rim__Tomkins_2007__p43_fig1.15.4.tif,Crete,Detail,Tapered_Up_Rim,DR2ZWXQB,p43_fig1.15.4.tif,Crete__Tapered_Up_Rim__Tomkins_2007__p43_fig1.15.4.tif
.\pottery\Crete\Detail\Crete__Thickened_Rim__Tomkins_2007__p28_fig1.7.15.tif,Crete,Detail,Thickened_Rim,DR2ZWXQB,p28_fig1.7.15.tif,Crete__Thickened_Rim__Tomkins_2007__p28_fig1.7.15.tif
.\pottery\Crete\Detail\Crete__Tubular_Lug__Tomkins_2007__p22_fig1.3.25.tif,Crete,Detail,Tubular_Lug,DR2ZWXQB,p22_fig1.3.25.tif,Crete__Tubular_Lug__Tomkins_2007__p22_fig1.3.25.tif
.\pottery\Crete\Detail\Crete__V_Shaped_Spout__Tomkins_2007__p40_fig1.12.3.tif,Crete,Detail,V_Shaped_Spout,DR2ZWXQB,p40_fig1.12.3.tif,Crete__V_Shaped_Spout__Tomkins_2007__p40_fig1.12.3.tif
.\pottery\Crete\Detail\Crete__Winged_Strap_Handle__Tomkins_2007__p24_fig1.4.23.tif,Crete,Detail,Winged_Strap_Handle,DR2ZWXQB,p24_fig1.4.23.tif,Crete__Winged_Strap_Handle__Tomkins_2007__p24_fig1.4.23.tif
.\pottery\Crete\Detail\Crete__Wishbone_Handle__Tomkins_2007__p37_fig1.10.1.tif,Crete,Detail,Wishbone_Handle,DR2ZWXQB,p37_fig1.10.1.tif,Crete__Wishbone_Handle__Tomkins_2007__p37_fig1.10.1.tif
.\pottery\Crete\Form\Crete__Baking_Pan__DiTonto_2009__p80_fig42.tif,Crete,Form,Baking_Pan,UFN5W83P,p80_fig42.tif,Crete__Baking_Pan__DiTonto_2009__p80_fig42.tif
.\pottery\Crete\Form\Crete__Bowl__Papathanassopoulos_1996__p284_fig166.tif,Crete,Form,Bowl,56BZVM8K,p284_fig166.tif,Crete__Bowl__Papathanassopoulos_1996__p284_fig166.tif
.\pottery\Crete\Form\Crete__Carinated_Bowl__Tomkins_2007__p34_fig54.tif,Crete,Form,Carinated_Bowl,DR2ZWXQB,p34_fig54.tif,Crete__Carinated_Bowl__Tomkins_2007__p34_fig54.tif
.\pottery\Crete\Form\Crete__Carinated_Incurved_Bowl__Tomkins_2007__p22_fig14.tif,Crete,Form,Carinated_Incurved_Bowl,DR2ZWXQB,p22_fig14.tif,Crete__Carinated_Incurved_Bowl__Tomkins_2007__p22_fig14.tif
.\pottery\Crete\Form\Crete__Carinated_Jar__Tomkins_2007__p31_fig37.tif,Crete,Form,Carinated_Jar,DR2ZWXQB,p31_fig37.tif,Crete__Carinated_Jar__Tomkins_2007__p31_fig37.tif
.\pottery\Crete\Form\Crete__Chalice__Papathanassopoulos_1996__p285_fig167.tif,Crete,Form,Chalice,56BZVM8K,p285_fig167.tif,Crete__Chalice__Papathanassopoulos_1996__p285_fig167.tif
.\pottery\Crete\Form\Crete__Cheese_Pot__Nowicki_2002__p62_fig21.tif,Crete,Form,Cheese_Pot,KWAWI3PI,p62_fig21.tif,Crete__Cheese_Pot__Nowicki_2002__p62_fig21.tif
.\pottery\Crete\Form\Crete__Collared_Jar__Tomkins_2007__p24_fig23.tif,Crete,Form,Collared_Jar,DR2ZWXQB,p24_fig23.tif,Crete__Collared_Jar__Tomkins_2007__p24_fig23.tif
.\pottery\Crete\Form\Crete__Cup__Tomkins_2007__p34_fig45.tif,Crete,Form,Cup,DR2ZWXQB,p34_fig45.tif,Crete__Cup__Tomkins_2007__p34_fig45.tif
.\pottery\Crete\Form\Crete__Deep_Bowl__Papathanassopoulos_1996__p285_fig168.tif,Crete,Form,Deep_Bowl,56BZVM8K,p285_fig168.tif,Crete__Deep_Bowl__Papathanassopoulos_1996__p285_fig168.tif
.\pottery\Crete\Form\Crete__Funnel_Necked_Jar__Papathanassopoulos_1996__p283_fig162.tif,Crete,Form,Funnel_Necked_Jar,56BZVM8K,p283_fig162.tif,Crete__Funnel_Necked_Jar__Papathanassopoulos_1996__p283_fig162.tif
.\pottery\Crete\Form\Crete__Hole_Mouthed_Jar__Tomkins_2007__p22_fig20.tif,Crete,Form,Hole_Mouthed_Jar,DR2ZWXQB,p22_fig20.tif,Crete__Hole_Mouthed_Jar__Tomkins_2007__p22_fig20.tif
.\pottery\Crete\Form\Crete__Jar__Theocharis_1973__p140_fig71.tif,Crete,Form,Jar,R4FG67SM,p140_fig71.tif,Crete__Jar__Theocharis_1973__p140_fig71.tif
.\pottery\Crete\Form\Crete__Jug__Papathanassopoulos_1996__p284_fig165.tif,Crete,Form,Jug,56BZVM8K,p284_fig165.tif,Crete__Jug__Papathanassopoulos_1996__p284_fig165.tif
.\pottery\Crete\Form\Crete__Pyxis__Theocharis_1973__p143_fig74.tif,Crete,Form,Pyxis,R4FG67SM,p143_fig74.tif,Crete__Pyxis__Theocharis_1973__p143_fig74.tif
.\pottery\Crete\Form\Crete__Rhyton__Theocharis_1973__p142_fig73.tif,Crete,Form,Rhyton,R4FG67SM,p142_fig73.tif,Crete__Rhyton__Theocharis_1973__p142_fig73.tif
.\pottery\Cyclades_Central Greece_Epirus - Northwestern Greece_Ionian Islands_Peloponnese_Western Greece\Decoration\South_Central_Greece__Black_On_Red__Papathanassopoulos_1996__p269_fig129.tif,Cyclades_Central Greece_Epirus - Northwestern Greece_Ionian Islands_Peloponnese_Western Greece,Decoration,Black_On_Red,56BZVM8K,p269_fig129.tif,South_Central_Greece__Black_On_Red__Papathanassopoulos_1996__p269_fig129.tif
.\pottery\Cyclades_Central Greece_Epirus - Northwestern Greece_Ionian Islands_Peloponnese_Western Greece\Decoration\South_Central_Greece__Coarse_Urfirnis__Phelps_2004__p244_fig70.8.tif,Cyclades_Central Greece_Epirus - Northwestern Greece_Ionian Islands_Peloponnese_Western Greece,Decoration,Coarse_Urfirnis,VG5WQ4RB,p244_fig70.8.tif,South_Central_Greece__Coarse_Urfirnis__Phelps_2004__p244_fig70.8.tif
.\pottery\Cyclades_Central Greece_Epirus - Northwestern Greece_Ionian Islands_Peloponnese_Western Greece\Decoration\South_Central_Greece__Coarse__Papathanassopoulos_2011__p175_fig122.tif,Cyclades_Central Greece_Epirus - Northwestern Greece_Ionian Islands_Peloponnese_Western Greece,Decoration,Coarse,UFWGC8VQ,p175_fig122.tif,South_Central_Greece__Coarse__Papathanassopoulos_2011__p175_fig122.tif
.\pottery\Cyclades_Central Greece_Epirus - Northwestern Greece_Ionian Islands_Peloponnese_Western Greece\Decoration\South_Central_Greece__Crusted__Coleman_1977__pl74_fig62.tif,Cyclades_Central Greece_Epirus - Northwestern Greece_Ionian Islands_Peloponnese_Western Greece,Decoration,Crusted,ZA6DRGMM,pl74_fig62.tif,South_Central_Greece__Crusted__Coleman_1977__pl74_fig62.tif
.\pottery\Cyclades_Central Greece_Epirus - Northwestern Greece_Ionian Islands_Peloponnese_Western Greece\Decoration\South_Central_Greece__Grooved__Coleman_1977__pl88_figa-n.tif,Cyclades_Central Greece_Epirus - Northwestern Greece_Ionian Islands_Peloponnese_Western Greece,Decoration,Grooved,ZA6DRGMM,pl88_figa-n.tif,South_Central_Greece__Grooved__Coleman_1977__pl88_figa-n.tif
.\pottery\Cyclades_Central Greece_Epirus - Northwestern Greece_Ionian Islands_Peloponnese_Western Greece\Decoration\South_Central_Greece__Incised__Papathanassopoulos_1996__p269_fig130.tif,Cyclades_Central Greece_Epirus - Northwestern Greece_Ionian Islands_Peloponnese_Western Greece,Decoration,Incised,56BZVM8K,p269_fig130.tif,South_Central_Greece__Incised__Papathanassopoulos_1996__p269_fig130.tif
.\pottery\Cyclades_Central Greece_Epirus - Northwestern Greece_Ionian Islands_Peloponnese_Western Greece\Decoration\South_Central_Greece__Matt_Painted__Papathanassopoulos_1996__p267_fig125.tif,Cyclades_Central Greece_Epirus - Northwestern Greece_Ionian Islands_Peloponnese_Western Greece,Decoration,Matt_Painted,56BZVM8K,p267_fig125.tif,South_Central_Greece__Matt_Painted__Papathanassopoulos_1996__p267_fig125.tif
.\pottery\Cyclades_Central Greece_Epirus - Northwestern Greece_Ionian Islands_Peloponnese_Western Greece\Decoration\South_Central_Greece__Monochrome_Burnished__Papathanassopoulos_2011__p181_fig128.tif,Cyclades_Central Greece_Epirus - Northwestern Greece_Ionian Islands_Peloponnese_Western Greece,Decoration,Monochrome_Burnished,UFWGC8VQ,p181_fig128.tif,South_Central_Greece__Monochrome_Burnished__Papathanassopoulos_2011__p181_fig128.tif
.\pottery\Cyclades_Central Greece_Epirus - Northwestern Greece_Ionian Islands_Peloponnese_Western Greece\Decoration\South_Central_Greece__Monochrome_Urfirnis__Papathanassopoulos_1996__p271_fig134.tif,Cyclades_Central Greece_Epirus - Northwestern Greece_Ionian Islands_Peloponnese_Western Greece,Decoration,Monochrome_Urfirnis,56BZVM8K,p271_fig134.tif,South_Central_Greece__Monochrome_Urfirnis__Papathanassopoulos_1996__p271_fig134.tif
.\pottery\Cyclades_Central Greece_Epirus - Northwestern Greece_Ionian Islands_Peloponnese_Western Greece\Decoration\South_Central_Greece__Patterned_Urfirnis__Papathanassopoulos_1996__p272_fig136.tif,Cyclades_Central Greece_Epirus - Northwestern Greece_Ionian Islands_Peloponnese_Western Greece,Decoration,Patterned_Urfirnis,56BZVM8K,p272_fig136.tif,South_Central_Greece__Patterned_Urfirnis__Papathanassopoulos_1996__p272_fig136.tif
.\pottery\Cyclades_Central Greece_Epirus - Northwestern Greece_Ionian Islands_Peloponnese_Western Greece\Decoration\South_Central_Greece__Pattern_Burnished__Papathanassopoulos_1996__p273_fig138.tif,Cyclades_Central Greece_Epirus - Northwestern Greece_Ionian Islands_Peloponnese_Western Greece,Decoration,Pattern_Burnished,56BZVM8K,p273_fig138.tif,South_Central_Greece__Pattern_Burnished__Papathanassopoulos_1996__p273_fig138.tif
.\pottery\Cyclades_Central Greece_Epirus - Northwestern Greece_Ionian Islands_Peloponnese_Western Greece\Decoration\South_Central_Greece__Plastic__Papathanassopoulos_2011__p158_fig105.tif,Cyclades_Central Greece_Epirus - Northwestern Greece_Ionian Islands_Peloponnese_Western Greece,Decoration,Plastic,UFWGC8VQ,p158_fig105.tif,South_Central_Greece__Plastic__Papathanassopoulos_2011__p158_fig105.tif
.\pottery\Cyclades_Central Greece_Epirus - Northwestern Greece_Ionian Islands_Peloponnese_Western Greece\Decoration\South_Central_Greece__Polychrome__Papathanassopoulos_2011__p208_fig155.tif,Cyclades_Central Greece_Epirus - Northwestern Greece_Ionian Islands_Peloponnese_Western Greece,Decoration,Polychrome,UFWGC8VQ,p208_fig155.tif,South_Central_Greece__Polychrome__Papathanassopoulos_2011__p208_fig155.tif
.\pottery\Cyclades_Central Greece_Epirus - Northwestern Greece_Ionian Islands_Peloponnese_Western Greece\Decoration\South_Central_Greece__Red_On_White__Papathanassopoulos_1996__p266_fig122.tif,Cyclades_Central Greece_Epirus - Northwestern Greece_Ionian Islands_Peloponnese_Western Greece,Decoration,Red_On_White,56BZVM8K,p266_fig122.tif,South_Central_Greece__Red_On_White__Papathanassopoulos_1996__p266_fig122.tif
.\pottery\Cyclades_Central Greece_Epirus - Northwestern Greece_Ionian Islands_Peloponnese_Western Greece\Decoration\South_Central_Greece__Rippled__Papathanassopoulos_2011__p170_fig117.tif,Cyclades_Central Greece_Epirus - Northwestern Greece_Ionian Islands_Peloponnese_Western Greece,Decoration,Rippled,UFWGC8VQ,p170_fig117.tif,South_Central_Greece__Rippled__Papathanassopoulos_2011__p170_fig117.tif
.\pottery\Cyclades_Central Greece_Epirus - Northwestern Greece_Ionian Islands_Peloponnese_Western Greece\Decoration\South_Central_Greece__White_On_Black__Papathanassopoulos_1996__p276_fig142.tif,Cyclades_Central Greece_Epirus - Northwestern Greece_Ionian Islands_Peloponnese_Western Greece,Decoration,White_On_Black,56BZVM8K,p276_fig142.tif,South_Central_Greece__White_On_Black__Papathanassopoulos_1996__p276_fig142.tif
.\pottery\Cyclades_Central Greece_Epirus - Northwestern Greece_Ionian Islands_Peloponnese_Western Greece\Decoration\South_Central_Greece__White_On_Red__Papathanassopoulos_1996__p277_fig144.tif,Cyclades_Central Greece_Epirus - Northwestern Greece_Ionian Islands_Peloponnese_Western Greece,Decoration,White_On_Red,56BZVM8K,p277_fig144.tif,South_Central_Greece__White_On_Red__Papathanassopoulos_1996__p277_fig144.tif
.\pottery\Cyclades_Central Greece_Epirus - Northwestern Greece_Ionian Islands_Peloponnese_Western Greece\Decoration\South_Central_Greece__White__Papathanassopoulos_1996__p265_fig120.tif,Cyclades_Central Greece_Epirus - Northwestern Greece_Ionian Islands_Peloponnese_Western Greece,Decoration,White,56BZVM8K,p265_fig120.tif,South_Central_Greece__White__Papathanassopoulos_1996__p265_fig120.tif
.\pottery\Cyclades_Central Greece_Epirus - Northwestern Greece_Ionian Islands_Peloponnese_Western Greece\Detail\South_Central_Greece__Elephant_Lug__Vitelli_2007__p353_fig84f.tif,Cyclades_Central Greece_Epirus - Northwestern Greece_Ionian Islands_Peloponnese_Western Greece,Detail,Elephant_Lug,BQ95VCXX,p353_fig84f.tif,South_Central_Greece__Elephant_Lug__Vitelli_2007__p353_fig84f.tif
.\pottery\Cyclades_Central Greece_Epirus - Northwestern Greece_Ionian Islands_Peloponnese_Western Greece\Detail\South_Central_Greece__Flat_Base__Vitelli_2007__p211_fig13k.tif,Cyclades_Central Greece_Epirus - Northwestern Greece_Ionian Islands_Peloponnese_Western Greece,Detail,Flat_Base,BQ95VCXX,p211_fig13k.tif,South_Central_Greece__Flat_Base__Vitelli_2007__p211_fig13k.tif
.\pottery\Cyclades_Central Greece_Epirus - Northwestern Greece_Ionian Islands_Peloponnese_Western Greece\Detail\South_Central_Greece__Knob__Vitelli_2007__p359_fig87b.tif,Cyclades_Central Greece_Epirus - Northwestern Greece_Ionian Islands_Peloponnese_Western Greece,Detail,Knob,BQ95VCXX,p359_fig87b.tif,South_Central_Greece__Knob__Vitelli_2007__p359_fig87b.tif
.\pottery\Cyclades_Central Greece_Epirus - Northwestern Greece_Ionian Islands_Peloponnese_Western Greece\Detail\South_Central_Greece__Ledge_Lug__Vitelli_2007__p221_fig18f.tif,Cyclades_Central Greece_Epirus - Northwestern Greece_Ionian Islands_Peloponnese_Western Greece,Detail,Ledge_Lug,BQ95VCXX,p221_fig18f.tif,South_Central_Greece__Ledge_Lug__Vitelli_2007__p221_fig18f.tif
.\pottery\Cyclades_Central Greece_Epirus - Northwestern Greece_Ionian Islands_Peloponnese_Western Greece\Detail\South_Central_Greece__Pedestal_Base__Vitelli_2007__p211_fig13p.tif,Cyclades_Central Greece_Epirus - Northwestern Greece_Ionian Islands_Peloponnese_Western Greece,Detail,Pedestal_Base,BQ95VCXX,p211_fig13p.tif,South_Central_Greece__Pedestal_Base__Vitelli_2007__p211_fig13p.tif
.\pottery\Cyclades_Central Greece_Epirus - Northwestern Greece_Ionian Islands_Peloponnese_Western Greece\Detail\South_Central_Greece__Rim_Attachement__Vitelli_2007__p369_fig92e.tif,Cyclades_Central Greece_Epirus - Northwestern Greece_Ionian Islands_Peloponnese_Western Greece,Detail,Rim_Attachement,BQ95VCXX,p369_fig92e.tif,South_Central_Greece__Rim_Attachement__Vitelli_2007__p369_fig92e.tif
.\pottery\Cyclades_Central Greece_Epirus - Northwestern Greece_Ionian Islands_Peloponnese_Western Greece\Detail\South_Central_Greece__Rolled_Rim__Vitelli_2007__p351_fig83g.tif,Cyclades_Central Greece_Epirus - Northwestern Greece_Ionian Islands_Peloponnese_Western Greece,Detail,Rolled_Rim,BQ95VCXX,p351_fig83g.tif,South_Central_Greece__Rolled_Rim__Vitelli_2007__p351_fig83g.tif
.\pottery\Cyclades_Central Greece_Epirus - Northwestern Greece_Ionian Islands_Peloponnese_Western Greece\Detail\South_Central_Greece__Round_Bar_Handle__Vitelli_2007__p187_fig1g.tif,Cyclades_Central Greece_Epirus - Northwestern Greece_Ionian Islands_Peloponnese_Western Greece,Detail,Round_Bar_Handle,BQ95VCXX,p187_fig1g.tif,South_Central_Greece__Round_Bar_Handle__Vitelli_2007__p187_fig1g.tif
.\pottery\Cyclades_Central Greece_Epirus - Northwestern Greece_Ionian Islands_Peloponnese_Western Greece\Detail\South_Central_Greece__Strap_Handle__Vitelli_2007__p285_fig50c.tif,Cyclades_Central Greece_Epirus - Northwestern Greece_Ionian Islands_Peloponnese_Western Greece,Detail,Strap_Handle,BQ95VCXX,p285_fig50c.tif,South_Central_Greece__Strap_Handle__Vitelli_2007__p285_fig50c.tif
.\pottery\Cyclades_Central Greece_Epirus - Northwestern Greece_Ionian Islands_Peloponnese_Western Greece\Detail\South_Central_Greece__Stringhole_Lug__Vitelli_2007__p197_fig6d.tif,Cyclades_Central Greece_Epirus - Northwestern Greece_Ionian Islands_Peloponnese_Western Greece,Detail,Stringhole_Lug,BQ95VCXX,p197_fig6d.tif,South_Central_Greece__Stringhole_Lug__Vitelli_2007__p197_fig6d.tif
.\pottery\Cyclades_Central Greece_Epirus - Northwestern Greece_Ionian Islands_Peloponnese_Western Greece\Detail\South_Central_Greece__Tab_Handle__Vitelli_2007__p375_fig95a.tif,Cyclades_Central Greece_Epirus - Northwestern Greece_Ionian Islands_Peloponnese_Western Greece,Detail,Tab_Handle,BQ95VCXX,p375_fig95a.tif,South_Central_Greece__Tab_Handle__Vitelli_2007__p375_fig95a.tif
.\pottery\Cyclades_Central Greece_Epirus - Northwestern Greece_Ionian Islands_Peloponnese_Western Greece\Detail\South_Central_Greece__Tubular_Lug__Vitelli_2007__p267_fig41e.tif,Cyclades_Central Greece_Epirus - Northwestern Greece_Ionian Islands_Peloponnese_Western Greece,Detail,Tubular_Lug,BQ95VCXX,p267_fig41e.tif,South_Central_Greece__Tubular_Lug__Vitelli_2007__p267_fig41e.tif
.\pottery\Cyclades_Central Greece_Epirus - Northwestern Greece_Ionian Islands_Peloponnese_Western Greece\Form\South_Central_Greece__Amphora__Papathanassopoulos_1996__p221_fig26.tif,Cyclades_Central Greece_Epirus - Northwestern Greece_Ionian Islands_Peloponnese_Western Greece,Form,Amphora,56BZVM8K,p221_fig26.tif,South_Central_Greece__Amphora__Papathanassopoulos_1996__p221_fig26.tif
.\pottery\Cyclades_Central Greece_Epirus - Northwestern Greece_Ionian Islands_Peloponnese_Western Greece\Form\South_Central_Greece__Askos__Papathanassopoulos_1996__p271_fig133.tif,Cyclades_Central Greece_Epirus - Northwestern Greece_Ionian Islands_Peloponnese_Western Greece,Form,Askos,56BZVM8K,p271_fig133.tif,South_Central_Greece__Askos__Papathanassopoulos_1996__p271_fig133.tif
.\pottery\Cyclades_Central Greece_Epirus - Northwestern Greece_Ionian Islands_Peloponnese_Western Greece\Form\South_Central_Greece__Baking_Pan__Holmberg_1944__p59_fig62d.tif,Cyclades_Central Greece_Epirus - Northwestern Greece_Ionian Islands_Peloponnese_Western Greece,Form,Baking_Pan,PW3WUE49,p59_fig62d.tif,South_Central_Greece__Baking_Pan__Holmberg_1944__p59_fig62d.tif
.\pottery\Cyclades_Central Greece_Epirus - Northwestern Greece_Ionian Islands_Peloponnese_Western Greece\Form\South_Central_Greece__Bowl__Papathanassopoulos_2011__p187_fig134.tif,Cyclades_Central Greece_Epirus - Northwestern Greece_Ionian Islands_Peloponnese_Western Greece,Form,Bowl,UFWGC8VQ,p187_fig134.tif,South_Central_Greece__Bowl__Papathanassopoulos_2011__p187_fig134.tif
.\pottery\Cyclades_Central Greece_Epirus - Northwestern Greece_Ionian Islands_Peloponnese_Western Greece\Form\South_Central_Greece__Carinated_Bowl__Theocharis_1973__p107_fig51.tif,Cyclades_Central Greece_Epirus - Northwestern Greece_Ionian Islands_Peloponnese_Western Greece,Form,Carinated_Bowl,R4FG67SM,p107_fig51.tif,South_Central_Greece__Carinated_Bowl__Theocharis_1973__p107_fig51.tif
.\pottery\Cyclades_Central Greece_Epirus - Northwestern Greece_Ionian Islands_Peloponnese_Western Greece\Form\South_Central_Greece__Cheese_Pot__Alram_2006__taf7_fig82.tif,Cyclades_Central Greece_Epirus - Northwestern Greece_Ionian Islands_Peloponnese_Western Greece,Form,Cheese_Pot,4U28A96A,taf7_fig82.tif,South_Central_Greece__Cheese_Pot__Alram_2006__taf7_fig82.tif
.\pottery\Cyclades_Central Greece_Epirus - Northwestern Greece_Ionian Islands_Peloponnese_Western Greece\Form\South_Central_Greece__Collared_Bowl__Papathanassopoulos_2011__p184_fig131.tif,Cyclades_Central Greece_Epirus - Northwestern Greece_Ionian Islands_Peloponnese_Western Greece,Form,Collared_Bowl,UFWGC8VQ,p184_fig131.tif,South_Central_Greece__Collared_Bowl__Papathanassopoulos_2011__p184_fig131.tif
.\pottery\Cyclades_Central Greece_Epirus - Northwestern Greece_Ionian Islands_Peloponnese_Western Greece\Form\South_Central_Greece__Collared_Jar__Papathanassopoulos_1996__p266_fig121.tif,Cyclades_Central Greece_Epirus - Northwestern Greece_Ionian Islands_Peloponnese_Western Greece,Form,Collared_Jar,56BZVM8K,p266_fig121.tif,South_Central_Greece__Collared_Jar__Papathanassopoulos_1996__p266_fig121.tif
.\pottery\Cyclades_Central Greece_Epirus - Northwestern Greece_Ionian Islands_Peloponnese_Western Greece\Form\South_Central_Greece__Cup__Papathanassopoulos_2011__p191_fig138.tif,Cyclades_Central Greece_Epirus - Northwestern Greece_Ionian Islands_Peloponnese_Western Greece,Form,Cup,UFWGC8VQ,p191_fig138.tif,South_Central_Greece__Cup__Papathanassopoulos_2011__p191_fig138.tif
.\pottery\Cyclades_Central Greece_Epirus - Northwestern Greece_Ionian Islands_Peloponnese_Western Greece\Form\South_Central_Greece__Fruitstand__Papathanassopoulos_1996__p277_fig144.tif,Cyclades_Central Greece_Epirus - Northwestern Greece_Ionian Islands_Peloponnese_Western Greece,Form,Fruitstand,56BZVM8K,p277_fig144.tif,South_Central_Greece__Fruitstand__Papathanassopoulos_1996__p277_fig144.tif
.\pottery\Cyclades_Central Greece_Epirus - Northwestern Greece_Ionian Islands_Peloponnese_Western Greece\Form\South_Central_Greece__Globular_Jar__Papathanassopoulos_2011__p207_fig154.tif,Cyclades_Central Greece_Epirus - Northwestern Greece_Ionian Islands_Peloponnese_Western Greece,Form,Globular_Jar,UFWGC8VQ,p207_fig154.tif,South_Central_Greece__Globular_Jar__Papathanassopoulos_2011__p207_fig154.tif
.\pottery\Cyclades_Central Greece_Epirus - Northwestern Greece_Ionian Islands_Peloponnese_Western Greece\Form\South_Central_Greece__Gouged_Bowl__Phelps_2004__p244_fig70.8.tif,Cyclades_Central Greece_Epirus - Northwestern Greece_Ionian Islands_Peloponnese_Western Greece,Form,Gouged_Bowl,VG5WQ4RB,p244_fig70.8.tif,South_Central_Greece__Gouged_Bowl__Phelps_2004__p244_fig70.8.tif
.\pottery\Cyclades_Central Greece_Epirus - Northwestern Greece_Ionian Islands_Peloponnese_Western Greece\Form\South_Central_Greece__Hole_Mouthed_Jar__Papathanassopoulos_1996__p251_fig90.tif,Cyclades_Central Greece_Epirus - Northwestern Greece_Ionian Islands_Peloponnese_Western Greece,Form,Hole_Mouthed_Jar,56BZVM8K,p251_fig90.tif,South_Central_Greece__Hole_Mouthed_Jar__Papathanassopoulos_1996__p251_fig90.tif
.\pottery\Cyclades_Central Greece_Epirus - Northwestern Greece_Ionian Islands_Peloponnese_Western Greece\Form\South_Central_Greece__Jar__Coleman_1977__pl78_fig97.tif,Cyclades_Central Greece_Epirus - Northwestern Greece_Ionian Islands_Peloponnese_Western Greece,Form,Jar,ZA6DRGMM,pl78_fig97.tif,South_Central_Greece__Jar__Coleman_1977__pl78_fig97.tif
.\pottery\Cyclades_Central Greece_Epirus - Northwestern Greece_Ionian Islands_Peloponnese_Western Greece\Form\South_Central_Greece__Jug__Papathanassopoulos_1996__p267_fig125.tif,Cyclades_Central Greece_Epirus - Northwestern Greece_Ionian Islands_Peloponnese_Western Greece,Form,Jug,56BZVM8K,p267_fig125.tif,South_Central_Greece__Jug__Papathanassopoulos_1996__p267_fig125.tif
.\pottery\Cyclades_Central Greece_Epirus - Northwestern Greece_Ionian Islands_Peloponnese_Western Greece\Form\South_Central_Greece__Piriform_Jar__Papathanassopoulos_2011__p185_fig130.tif,Cyclades_Central Greece_Epirus - Northwestern Greece_Ionian Islands_Peloponnese_Western Greece,Form,Piriform_Jar,UFWGC8VQ,p185_fig130.tif,South_Central_Greece__Piriform_Jar__Papathanassopoulos_2011__p185_fig130.tif
.\pottery\Cyclades_Central Greece_Epirus - Northwestern Greece_Ionian Islands_Peloponnese_Western Greece\Form\South_Central_Greece__Pithos__Papathanassopoulos_2011__p163_fig110.tif,Cyclades_Central Greece_Epirus - Northwestern Greece_Ionian Islands_Peloponnese_Western Greece,Form,Pithos,UFWGC8VQ,p163_fig110.tif,South_Central_Greece__Pithos__Papathanassopoulos_2011__p163_fig110.tif
.\pottery\Cyclades_Central Greece_Epirus - Northwestern Greece_Ionian Islands_Peloponnese_Western Greece\Form\South_Central_Greece__Scoop__Papathanassopoulos_1996__p269_fig130.tif,Cyclades_Central Greece_Epirus - Northwestern Greece_Ionian Islands_Peloponnese_Western Greece,Form,Scoop,56BZVM8K,p269_fig130.tif,South_Central_Greece__Scoop__Papathanassopoulos_1996__p269_fig130.tif
.\pottery\Cyclades_Central Greece_Epirus - Northwestern Greece_Ionian Islands_Peloponnese_Western Greece\Form\South_Central_Greece__Shouldered_Bowl__Papathanassopoulos_2011__p168_fig115.tif,Cyclades_Central Greece_Epirus - Northwestern Greece_Ionian Islands_Peloponnese_Western Greece,Form,Shouldered_Bowl,UFWGC8VQ,p168_fig115.tif,South_Central_Greece__Shouldered_Bowl__Papathanassopoulos_2011__p168_fig115.tif
.\pottery\Cyclades_Central Greece_Epirus - Northwestern Greece_Ionian Islands_Peloponnese_Western Greece\Form\South_Central_Greece__Skyphos__Papathanassopoulos_2011__p178_fig125.tif,Cyclades_Central Greece_Epirus - Northwestern Greece_Ionian Islands_Peloponnese_Western Greece,Form,Skyphos,UFWGC8VQ,p178_fig125.tif,South_Central_Greece__Skyphos__Papathanassopoulos_2011__p178_fig125.tif
.\pottery\Eastern Macedonia_Western Macedonia_Central Macedonia_Thrace\Decoration\Macedonia_Thrace__Barbotine__Renfrew_1986__colorplD_fig6.tif,Eastern Macedonia_Western Macedonia_Central Macedonia_Thrace,Decoration,Barbotine,XGJHPHUN,colorplD_fig6.tif,Macedonia_Thrace__Barbotine__Renfrew_1986__colorplD_fig6.tif
.\pottery\Eastern Macedonia_Western Macedonia_Central Macedonia_Thrace\Decoration\Macedonia_Thrace__Black_On_Red__Renfrew_1986__colorplD_fig2.tif,Eastern Macedonia_Western Macedonia_Central Macedonia_Thrace,Decoration,Black_On_Red,XGJHPHUN,colorplD_fig2.tif,Macedonia_Thrace__Black_On_Red__Renfrew_1986__colorplD_fig2.tif
.\pottery\Eastern Macedonia_Western Macedonia_Central Macedonia_Thrace\Decoration\Macedonia_Thrace__Black_Topped__Renfrew_1986__colorplC_fig21.tif,Eastern Macedonia_Western Macedonia_Central Macedonia_Thrace,Decoration,Black_Topped,XGJHPHUN,colorplC_fig21.tif,Macedonia_Thrace__Black_Topped__Renfrew_1986__colorplC_fig21.tif
.\pottery\Eastern Macedonia_Western Macedonia_Central Macedonia_Thrace\Decoration\Macedonia_Thrace__Brown_On_Buff__Renfrew_1986__pl81_fig11-12bottom.tif,Eastern Macedonia_Western Macedonia_Central Macedonia_Thrace,Decoration,Brown_On_Buff,XGJHPHUN,pl81_fig11-12bottom.tif,Macedonia_Thrace__Brown_On_Buff__Renfrew_1986__pl81_fig11-12bottom.tif
.\pottery\Eastern Macedonia_Western Macedonia_Central Macedonia_Thrace\Decoration\Macedonia_Thrace__Brown_On_Cream__Renfrew_1986__colorplC_fig11.tif,Eastern Macedonia_Western Macedonia_Central Macedonia_Thrace,Decoration,Brown_On_Cream,XGJHPHUN,colorplC_fig11.tif,Macedonia_Thrace__Brown_On_Cream__Renfrew_1986__colorplC_fig11.tif
.\pottery\Eastern Macedonia_Western Macedonia_Central Macedonia_Thrace\Decoration\Macedonia_Thrace__Brown_On_Red__Renfrew_1986__colorplC_fig12.tif,Eastern Macedonia_Western Macedonia_Central Macedonia_Thrace,Decoration,Brown_On_Red,XGJHPHUN,colorplC_fig12.tif,Macedonia_Thrace__Brown_On_Red__Renfrew_1986__colorplC_fig12.tif
.\pottery\Eastern Macedonia_Western Macedonia_Central Macedonia_Thrace\Decoration\Macedonia_Thrace__Burnished__Renfrew_1986__colorplC_fig4.tif,Eastern Macedonia_Western Macedonia_Central Macedonia_Thrace,Decoration,Burnished,XGJHPHUN,colorplC_fig4.tif,Macedonia_Thrace__Burnished__Renfrew_1986__colorplC_fig4.tif
.\pottery\Eastern Macedonia_Western Macedonia_Central Macedonia_Thrace\Decoration\Macedonia_Thrace__Channeled__Renfrew_1986__pl96_fig1-11top.tif,Eastern Macedonia_Western Macedonia_Central Macedonia_Thrace,Decoration,Channeled,XGJHPHUN,pl96_fig1-11top.tif,Macedonia_Thrace__Channeled__Renfrew_1986__pl96_fig1-11top.tif
.\pottery\Eastern Macedonia_Western Macedonia_Central Macedonia_Thrace\Decoration\Macedonia_Thrace__Coarse__Renfrew_1986__colorplC_fig9.tif,Eastern Macedonia_Western Macedonia_Central Macedonia_Thrace,Decoration,Coarse,XGJHPHUN,colorplC_fig9.tif,Macedonia_Thrace__Coarse__Renfrew_1986__colorplC_fig9.tif
.\pottery\Eastern Macedonia_Western Macedonia_Central Macedonia_Thrace\Decoration\Macedonia_Thrace__Excised_With_Graphite__Renfrew_1986__pl92_fig3topleft.tif,Eastern Macedonia_Western Macedonia_Central Macedonia_Thrace,Decoration,Excised_With_Graphite,XGJHPHUN,pl92_fig3topleft.tif,Macedonia_Thrace__Excised_With_Graphite__Renfrew_1986__pl92_fig3topleft.tif
.\pottery\Eastern Macedonia_Western Macedonia_Central Macedonia_Thrace\Decoration\Macedonia_Thrace__Excised__Renfrew_1986__colorplD_fig4.tif,Eastern Macedonia_Western Macedonia_Central Macedonia_Thrace,Decoration,Excised,XGJHPHUN,colorplD_fig4.tif,Macedonia_Thrace__Excised__Renfrew_1986__colorplD_fig4.tif
.\pottery\Eastern Macedonia_Western Macedonia_Central Macedonia_Thrace\Decoration\Macedonia_Thrace__Galepsos_Ware__Alram_1991__colorpl7_figb.tif,Eastern Macedonia_Western Macedonia_Central Macedonia_Thrace,Decoration,Galepsos_Ware,QUH9G5V3,colorpl7_figb.tif,Macedonia_Thrace__Galepsos_Ware__Alram_1991__colorpl7_figb.tif
.\pottery\Eastern Macedonia_Western Macedonia_Central Macedonia_Thrace\Decoration\Macedonia_Thrace__Graphite_Painted__Renfrew_1986__colorplD_fig1.tif,Eastern Macedonia_Western Macedonia_Central Macedonia_Thrace,Decoration,Graphite_Painted,XGJHPHUN,colorplD_fig1.tif,Macedonia_Thrace__Graphite_Painted__Renfrew_1986__colorplD_fig1.tif
.\pottery\Eastern Macedonia_Western Macedonia_Central Macedonia_Thrace\Decoration\Macedonia_Thrace__Grey_Lustre__Renfrew_1986__colorplC_fig1.tif,Eastern Macedonia_Western Macedonia_Central Macedonia_Thrace,Decoration,Grey_Lustre,XGJHPHUN,colorplC_fig1.tif,Macedonia_Thrace__Grey_Lustre__Renfrew_1986__colorplC_fig1.tif
.\pottery\Eastern Macedonia_Western Macedonia_Central Macedonia_Thrace\Decoration\Macedonia_Thrace__Grooved_With_Graphite__Renfrew_1986__pl39_fig1.tif,Eastern Macedonia_Western Macedonia_Central Macedonia_Thrace,Decoration,Grooved_With_Graphite,XGJHPHUN,pl39_fig1.tif,Macedonia_Thrace__Grooved_With_Graphite__Renfrew_1986__pl39_fig1.tif
.\pottery\Eastern Macedonia_Western Macedonia_Central Macedonia_Thrace\Decoration\Macedonia_Thrace__Grooved__Renfrew_1986__colorplD_fig5.tif,Eastern Macedonia_Western Macedonia_Central Macedonia_Thrace,Decoration,Grooved,XGJHPHUN,colorplD_fig5.tif,Macedonia_Thrace__Grooved__Renfrew_1986__colorplD_fig5.tif
.\pottery\Eastern Macedonia_Western Macedonia_Central Macedonia_Thrace\Decoration\Macedonia_Thrace__Incised__Renfrew_1986__colorplC_fig18.tif,Eastern Macedonia_Western Macedonia_Central Macedonia_Thrace,Decoration,Incised,XGJHPHUN,colorplC_fig18.tif,Macedonia_Thrace__Incised__Renfrew_1986__colorplC_fig18.tif
.\pottery\Eastern Macedonia_Western Macedonia_Central Macedonia_Thrace\Decoration\Macedonia_Thrace__Matt_Brown_On_White__Renfrew_1986__colorplC_fig13.tif,Eastern Macedonia_Western Macedonia_Central Macedonia_Thrace,Decoration,Matt_Brown_On_White,XGJHPHUN,colorplC_fig13.tif,Macedonia_Thrace__Matt_Brown_On_White__Renfrew_1986__colorplC_fig13.tif
.\pottery\Eastern Macedonia_Western Macedonia_Central Macedonia_Thrace\Decoration\Macedonia_Thrace__Orange_On_Orange__Renfrew_1986__colorplC_fig14.tif,Eastern Macedonia_Western Macedonia_Central Macedonia_Thrace,Decoration,Orange_On_Orange,XGJHPHUN,colorplC_fig14.tif,Macedonia_Thrace__Orange_On_Orange__Renfrew_1986__colorplC_fig14.tif
.\pottery\Eastern Macedonia_Western Macedonia_Central Macedonia_Thrace\Decoration\Macedonia_Thrace__Plastic__Renfrew_1986__pl100_fig1-12top.tif,Eastern Macedonia_Western Macedonia_Central Macedonia_Thrace,Decoration,Plastic,XGJHPHUN,pl100_fig1-12top.tif,Macedonia_Thrace__Plastic__Renfrew_1986__pl100_fig1-12top.tif
.\pottery\Eastern Macedonia_Western Macedonia_Central Macedonia_Thrace\Decoration\Macedonia_Thrace__Red_Crusted__Renfrew_1986__colorplC_fig16.tif,Eastern Macedonia_Western Macedonia_Central Macedonia_Thrace,Decoration,Red_Crusted,XGJHPHUN,colorplC_fig16.tif,Macedonia_Thrace__Red_Crusted__Renfrew_1986__colorplC_fig16.tif
.\pottery\Eastern Macedonia_Western Macedonia_Central Macedonia_Thrace\Decoration\Macedonia_Thrace__Red_On_White__Renfrew_1986__colorplC_fig25.tif,Eastern Macedonia_Western Macedonia_Central Macedonia_Thrace,Decoration,Red_On_White,XGJHPHUN,colorplC_fig25.tif,Macedonia_Thrace__Red_On_White__Renfrew_1986__colorplC_fig25.tif
.\pottery\Eastern Macedonia_Western Macedonia_Central Macedonia_Thrace\Decoration\Macedonia_Thrace__Red_Slipped__Renfrew_1986__colorplC_fig17.tif,Eastern Macedonia_Western Macedonia_Central Macedonia_Thrace,Decoration,Red_Slipped,XGJHPHUN,colorplC_fig17.tif,Macedonia_Thrace__Red_Slipped__Renfrew_1986__colorplC_fig17.tif
.\pottery\Eastern Macedonia_Western Macedonia_Central Macedonia_Thrace\Decoration\Macedonia_Thrace__Rippled__Renfrew_1986__colorplC_fig20.tif,Eastern Macedonia_Western Macedonia_Central Macedonia_Thrace,Decoration,Rippled,XGJHPHUN,colorplC_fig20.tif,Macedonia_Thrace__Rippled__Renfrew_1986__colorplC_fig20.tif
.\pottery\Eastern Macedonia_Western Macedonia_Central Macedonia_Thrace\Decoration\Macedonia_Thrace__Rusticated__Renfrew_1986__colorplC_fig8.tif,Eastern Macedonia_Western Macedonia_Central Macedonia_Thrace,Decoration,Rusticated,XGJHPHUN,colorplC_fig8.tif,Macedonia_Thrace__Rusticated__Renfrew_1986__colorplC_fig8.tif
.\pottery\Eastern Macedonia_Western Macedonia_Central Macedonia_Thrace\Decoration\Macedonia_Thrace__Shell_Stamped__Renfrew_1986__pl13_fig6.tif,Eastern Macedonia_Western Macedonia_Central Macedonia_Thrace,Decoration,Shell_Stamped,XGJHPHUN,pl13_fig6.tif,Macedonia_Thrace__Shell_Stamped__Renfrew_1986__pl13_fig6.tif
.\pottery\Eastern Macedonia_Western Macedonia_Central Macedonia_Thrace\Decoration\Macedonia_Thrace__Smeared__Renfrew_1986__colorplC_fig10.tif,Eastern Macedonia_Western Macedonia_Central Macedonia_Thrace,Decoration,Smeared,XGJHPHUN,colorplC_fig10.tif,Macedonia_Thrace__Smeared__Renfrew_1986__colorplC_fig10.tif
.\pottery\Eastern Macedonia_Western Macedonia_Central Macedonia_Thrace\Decoration\Macedonia_Thrace__Smooth_Ware__Renfrew_1986__colorplC_fig7.tif,Eastern Macedonia_Western Macedonia_Central Macedonia_Thrace,Decoration,Smooth_Ware,XGJHPHUN,colorplC_fig7.tif,Macedonia_Thrace__Smooth_Ware__Renfrew_1986__colorplC_fig7.tif
.\pottery\Eastern Macedonia_Western Macedonia_Central Macedonia_Thrace\Decoration\Macedonia_Thrace__White_On_Red__Renfrew_1986__colorplC_fig24.tif,Eastern Macedonia_Western Macedonia_Central Macedonia_Thrace,Decoration,White_On_Red,XGJHPHUN,colorplC_fig24.tif,Macedonia_Thrace__White_On_Red__Renfrew_1986__colorplC_fig24.tif
.\pottery\Eastern Macedonia_Western Macedonia_Central Macedonia_Thrace\Detail\Macedonia_Thrace__Flat_Base__Keighley_1986__p385_fig11.16.2.tif,Eastern Macedonia_Western Macedonia_Central Macedonia_Thrace,Detail,Flat_Base,W5MJ72W9,p385_fig11.16.2.tif,Macedonia_Thrace__Flat_Base__Keighley_1986__p385_fig11.16.2.tif
.\pottery\Eastern Macedonia_Western Macedonia_Central Macedonia_Thrace\Detail\Macedonia_Thrace__High_Strap_Handle__Keighley_1986__p375_fig11.6.15.tif,Eastern Macedonia_Western Macedonia_Central Macedonia_Thrace,Detail,High_Strap_Handle,W5MJ72W9,p375_fig11.6.15.tif,Macedonia_Thrace__High_Strap_Handle__Keighley_1986__p375_fig11.6.15.tif
.\pottery\Eastern Macedonia_Western Macedonia_Central Macedonia_Thrace\Detail\Macedonia_Thrace__Horned_Strap_Handle__Keighley_1986__p384_fig11.15.7.tif,Eastern Macedonia_Western Macedonia_Central Macedonia_Thrace,Detail,Horned_Strap_Handle,W5MJ72W9,p384_fig11.15.7.tif,Macedonia_Thrace__Horned_Strap_Handle__Keighley_1986__p384_fig11.15.7.tif
.\pottery\Eastern Macedonia_Western Macedonia_Central Macedonia_Thrace\Detail\Macedonia_Thrace__Knobbed_Handle__Keighley_1986__p377_fig11.8.9.tif,Eastern Macedonia_Western Macedonia_Central Macedonia_Thrace,Detail,Knobbed_Handle,W5MJ72W9,p377_fig11.8.9.tif,Macedonia_Thrace__Knobbed_Handle__Keighley_1986__p377_fig11.8.9.tif
.\pottery\Eastern Macedonia_Western Macedonia_Central Macedonia_Thrace\Detail\Macedonia_Thrace__Knob__Keighley_1986__p386_fig11.17.11.tif,Eastern Macedonia_Western Macedonia_Central Macedonia_Thrace,Detail,Knob,W5MJ72W9,p386_fig11.17.11.tif,Macedonia_Thrace__Knob__Keighley_1986__p386_fig11.17.11.tif
.\pottery\Eastern Macedonia_Western Macedonia_Central Macedonia_Thrace\Detail\Macedonia_Thrace__Ledge_Lug__Keighley_1986__p377_fig11.8.3.tif,Eastern Macedonia_Western Macedonia_Central Macedonia_Thrace,Detail,Ledge_Lug,W5MJ72W9,p377_fig11.8.3.tif,Macedonia_Thrace__Ledge_Lug__Keighley_1986__p377_fig11.8.3.tif
.\pottery\Eastern Macedonia_Western Macedonia_Central Macedonia_Thrace\Detail\Macedonia_Thrace__Leg__Keighley_1986__p387_fig11.18.2.tif,Eastern Macedonia_Western Macedonia_Central Macedonia_Thrace,Detail,Leg,W5MJ72W9,p387_fig11.18.2.tif,Macedonia_Thrace__Leg__Keighley_1986__p387_fig11.18.2.tif
.\pottery\Eastern Macedonia_Western Macedonia_Central Macedonia_Thrace\Detail\Macedonia_Thrace__Mushroom_Handle__Keighley_1986__p375_fig11.6.1.tif,Eastern Macedonia_Western Macedonia_Central Macedonia_Thrace,Detail,Mushroom_Handle,W5MJ72W9,p375_fig11.6.1.tif,Macedonia_Thrace__Mushroom_Handle__Keighley_1986__p375_fig11.6.1.tif
.\pottery\Eastern Macedonia_Western Macedonia_Central Macedonia_Thrace\Detail\Macedonia_Thrace__Pedestal_Base__Keighley_1986__p379_fig11.10.13.tif,Eastern Macedonia_Western Macedonia_Central Macedonia_Thrace,Detail,Pedestal_Base,W5MJ72W9,p379_fig11.10.13.tif,Macedonia_Thrace__Pedestal_Base__Keighley_1986__p379_fig11.10.13.tif
.\pottery\Eastern Macedonia_Western Macedonia_Central Macedonia_Thrace\Detail\Macedonia_Thrace__Pedestal__Keighley_1986__p379_fig11.10.3.tif,Eastern Macedonia_Western Macedonia_Central Macedonia_Thrace,Detail,Pedestal,W5MJ72W9,p379_fig11.10.3.tif,Macedonia_Thrace__Pedestal__Keighley_1986__p379_fig11.10.3.tif
.\pottery\Eastern Macedonia_Western Macedonia_Central Macedonia_Thrace\Detail\Macedonia_Thrace__Prong_Handle__Keighley_1986__p375_fig11.6.10.tif,Eastern Macedonia_Western Macedonia_Central Macedonia_Thrace,Detail,Prong_Handle,W5MJ72W9,p375_fig11.6.10.tif,Macedonia_Thrace__Prong_Handle__Keighley_1986__p375_fig11.6.10.tif
.\pottery\Eastern Macedonia_Western Macedonia_Central Macedonia_Thrace\Detail\Macedonia_Thrace__Rim_Attachement__Keighley_1986__p371_fig11.2.1.tif,Eastern Macedonia_Western Macedonia_Central Macedonia_Thrace,Detail,Rim_Attachement,W5MJ72W9,p371_fig11.2.1.tif,Macedonia_Thrace__Rim_Attachement__Keighley_1986__p371_fig11.2.1.tif
.\pottery\Eastern Macedonia_Western Macedonia_Central Macedonia_Thrace\Detail\Macedonia_Thrace__Spout__Keighley_1986__p377_fig11.8.11.tif,Eastern Macedonia_Western Macedonia_Central Macedonia_Thrace,Detail,Spout,W5MJ72W9,p377_fig11.8.11.tif,Macedonia_Thrace__Spout__Keighley_1986__p377_fig11.8.11.tif
.\pottery\Eastern Macedonia_Western Macedonia_Central Macedonia_Thrace\Detail\Macedonia_Thrace__Strap_Handle__Keighley_1986__p384_fig11.15.6.tif,Eastern Macedonia_Western Macedonia_Central Macedonia_Thrace,Detail,Strap_Handle,W5MJ72W9,p384_fig11.15.6.tif,Macedonia_Thrace__Strap_Handle__Keighley_1986__p384_fig11.15.6.tif
.\pottery\Eastern Macedonia_Western Macedonia_Central Macedonia_Thrace\Detail\Macedonia_Thrace__Tab_Handle__Keighley_1986__p377_fig11.8.4.tif,Eastern Macedonia_Western Macedonia_Central Macedonia_Thrace,Detail,Tab_Handle,W5MJ72W9,p377_fig11.8.4.tif,Macedonia_Thrace__Tab_Handle__Keighley_1986__p377_fig11.8.4.tif
.\pottery\Eastern Macedonia_Western Macedonia_Central Macedonia_Thrace\Detail\Macedonia_Thrace__V_Shaped_Spout__Keighley_1986__p387_fig11.18.4.tif,Eastern Macedonia_Western Macedonia_Central Macedonia_Thrace,Detail,V_Shaped_Spout,W5MJ72W9,p387_fig11.18.4.tif,Macedonia_Thrace__V_Shaped_Spout__Keighley_1986__p387_fig11.18.4.tif
.\pottery\Eastern Macedonia_Western Macedonia_Central Macedonia_Thrace\Detail\Macedonia_Thrace__Wishbone_Handle__Keighley_1986__p384_fig11.15.2.tif,Eastern Macedonia_Western Macedonia_Central Macedonia_Thrace,Detail,Wishbone_Handle,W5MJ72W9,p384_fig11.15.2.tif,Macedonia_Thrace__Wishbone_Handle__Keighley_1986__p384_fig11.15.2.tif
.\pottery\Eastern Macedonia_Western Macedonia_Central Macedonia_Thrace\Form\Macedonia_Thrace__Amphora__Papathanassopoulos_1996__p247_fig79.tif,Eastern Macedonia_Western Macedonia_Central Macedonia_Thrace,Form,Amphora,56BZVM8K,p247_fig79.tif,Macedonia_Thrace__Amphora__Papathanassopoulos_1996__p247_fig79.tif
.\pottery\Eastern Macedonia_Western Macedonia_Central Macedonia_Thrace\Form\Macedonia_Thrace__Bowl__Papathanassopoulos_1996__p250_fig86.tif,Eastern Macedonia_Western Macedonia_Central Macedonia_Thrace,Form,Bowl,56BZVM8K,p250_fig86.tif,Macedonia_Thrace__Bowl__Papathanassopoulos_1996__p250_fig86.tif
.\pottery\Eastern Macedonia_Western Macedonia_Central Macedonia_Thrace\Form\Macedonia_Thrace__Cup__Renfrew_1986__pl11_fig1.tif,Eastern Macedonia_Western Macedonia_Central Macedonia_Thrace,Form,Cup,XGJHPHUN,pl11_fig1.tif,Macedonia_Thrace__Cup__Renfrew_1986__pl11_fig1.tif
.\pottery\Eastern Macedonia_Western Macedonia_Central Macedonia_Thrace\Form\Macedonia_Thrace__Jar__Papathanassopoulos_1996__p249_fig85.tif,Eastern Macedonia_Western Macedonia_Central Macedonia_Thrace,Form,Jar,56BZVM8K,p249_fig85.tif,Macedonia_Thrace__Jar__Papathanassopoulos_1996__p249_fig85.tif
.\pottery\Eastern Macedonia_Western Macedonia_Central Macedonia_Thrace\Form\Macedonia_Thrace__Jug__Theocharis_1973__p127_fig65.tif,Eastern Macedonia_Western Macedonia_Central Macedonia_Thrace,Form,Jug,R4FG67SM,p127_fig65.tif,Macedonia_Thrace__Jug__Theocharis_1973__p127_fig65.tif
.\pottery\Eastern Macedonia_Western Macedonia_Central Macedonia_Thrace\Form\Macedonia_Thrace__Lid__Theocharis_1973__p316_fig231.tif,Eastern Macedonia_Western Macedonia_Central Macedonia_Thrace,Form,Lid,R4FG67SM,p316_fig231.tif,Macedonia_Thrace__Lid__Theocharis_1973__p316_fig231.tif
.\pottery\Eastern Macedonia_Western Macedonia_Central Macedonia_Thrace\Form\Macedonia_Thrace__Pithos__Renfrew_1986__pl13_fig2.tif,Eastern Macedonia_Western Macedonia_Central Macedonia_Thrace,Form,Pithos,XGJHPHUN,pl13_fig2.tif,Macedonia_Thrace__Pithos__Renfrew_1986__pl13_fig2.tif
.\pottery\Eastern Macedonia_Western Macedonia_Central Macedonia_Thrace\Form\Macedonia_Thrace__Plate__Renfrew_1986__pl39_fig4.tif,Eastern Macedonia_Western Macedonia_Central Macedonia_Thrace,Form,Plate,XGJHPHUN,pl39_fig4.tif,Macedonia_Thrace__Plate__Renfrew_1986__pl39_fig4.tif
.\pottery\Eastern Macedonia_Western Macedonia_Central Macedonia_Thrace\Form\Macedonia_Thrace__Pyxis__Renfrew_1986__pl13_fig4.tif,Eastern Macedonia_Western Macedonia_Central Macedonia_Thrace,Form,Pyxis,XGJHPHUN,pl13_fig4.tif,Macedonia_Thrace__Pyxis__Renfrew_1986__pl13_fig4.tif
.\pottery\Eastern Macedonia_Western Macedonia_Central Macedonia_Thrace\Form\Macedonia_Thrace__Scoop__Renfrew_1986__pl93_figleft_down.tif,Eastern Macedonia_Western Macedonia_Central Macedonia_Thrace,Form,Scoop,XGJHPHUN,pl93_figleft_down.tif,Macedonia_Thrace__Scoop__Renfrew_1986__pl93_figleft_down.tif
.\pottery\Eastern Macedonia_Western Macedonia_Central Macedonia_Thrace\Form\Macedonia_Thrace__Sieve__Renfrew_1986__pl93_figleft_up.tif,Eastern Macedonia_Western Macedonia_Central Macedonia_Thrace,Form,Sieve,XGJHPHUN,pl93_figleft_up.tif,Macedonia_Thrace__Sieve__Renfrew_1986__pl93_figleft_up.tif
.\pottery\Eastern Macedonia_Western Macedonia_Central Macedonia_Thrace\Form\Macedonia_Thrace__Stand__Renfrew_1986__plB_fig4.tif,Eastern Macedonia_Western Macedonia_Central Macedonia_Thrace,Form,Stand,XGJHPHUN,plB_fig4.tif,Macedonia_Thrace__Stand__Renfrew_1986__plB_fig4.tif
.\pottery\Eastern Macedonia_Western Macedonia_Central Macedonia_Thrace\Form\Macedonia_Thrace__Tripod__Renfrew_1986__pl66_1b.tif,Eastern Macedonia_Western Macedonia_Central Macedonia_Thrace,Form,Tripod,XGJHPHUN,pl66_1b.tif,Macedonia_Thrace__Tripod__Renfrew_1986__pl66_1b.tif
".\pottery\Thessaly\Decoration\Thessaly__Black_And_Red_On_White__Alram_2015__pl63_figI,3-022.tif",Thessaly,Decoration,Black_And_Red_On_White,PWAE9N9I,"pl63_figI,3-022.tif","Thessaly__Black_And_Red_On_White__Alram_2015__pl63_figI,3-022.tif"
".\pottery\Thessaly\Decoration\Thessaly__Black_And_White_On_Red__Alram_2015__pl73_figI,3-053.tif",Thessaly,Decoration,Black_And_White_On_Red,PWAE9N9I,"pl73_figI,3-053.tif","Thessaly__Black_And_White_On_Red__Alram_2015__pl73_figI,3-053.tif"
.\pottery\Thessaly\Decoration\Thessaly__Black_Burnished_Larisa__Alram_1991__colorpl4_figa.tif,Thessaly,Decoration,Black_Burnished_Larisa,QUH9G5V3,colorpl4_figa.tif,Thessaly__Black_Burnished_Larisa__Alram_1991__colorpl4_figa.tif
".\pottery\Thessaly\Decoration\Thessaly__Black_Burnished_With_Channeled_Decoration__Alram_2015__pl55_figI,4-029.tif",Thessaly,Decoration,Black_Burnished_With_Channeled_Decoration,PWAE9N9I,"pl55_figI,4-029.tif","Thessaly__Black_Burnished_With_Channeled_Decoration__Alram_2015__pl55_figI,4-029.tif"
".\pottery\Thessaly\Decoration\Thessaly__Black_Burnished_With_White_Paint__Alram_2015__pl55_figI,17-004.tif",Thessaly,Decoration,Black_Burnished_With_White_Paint,PWAE9N9I,"pl55_figI,17-004.tif","Thessaly__Black_Burnished_With_White_Paint__Alram_2015__pl55_figI,17-004.tif"
".\pottery\Thessaly\Decoration\Thessaly__Black_On_Red__Alram_2015__pl67_figI,2-224.tif",Thessaly,Decoration,Black_On_Red,PWAE9N9I,"pl67_figI,2-224.tif","Thessaly__Black_On_Red__Alram_2015__pl67_figI,2-224.tif"
".\pottery\Thessaly\Decoration\Thessaly__Black_On_White__Alram_2015__pl66_figI,4-252.tif",Thessaly,Decoration,Black_On_White,PWAE9N9I,"pl66_figI,4-252.tif","Thessaly__Black_On_White__Alram_2015__pl66_figI,4-252.tif"
".\pottery\Thessaly\Decoration\Thessaly__Black_Pattern_Burnished__Alram_2015__pl55_figI,5-005.tif",Thessaly,Decoration,Black_Pattern_Burnished,PWAE9N9I,"pl55_figI,5-005.tif","Thessaly__Black_Pattern_Burnished__Alram_2015__pl55_figI,5-005.tif"
".\pottery\Thessaly\Decoration\Thessaly__Brown_On_Buff__Alram_2015__pl62_figI,Gr2-004.tif",Thessaly,Decoration,Brown_On_Buff,PWAE9N9I,"pl62_figI,Gr2-004.tif","Thessaly__Brown_On_Buff__Alram_2015__pl62_figI,Gr2-004.tif"
.\pottery\Thessaly\Decoration\Thessaly__Brown_On_Cream__Alram_2015__pl75_figOF-048.tif,Thessaly,Decoration,Brown_On_Cream,PWAE9N9I,pl75_figOF-048.tif,Thessaly__Brown_On_Cream__Alram_2015__pl75_figOF-048.tif
.\pottery\Thessaly\Decoration\Thessaly__Crusted__Papathanassopoulos_1996__p264_fig118.tif,Thessaly,Decoration,Crusted,56BZVM8K,p264_fig118.tif,Thessaly__Crusted__Papathanassopoulos_1996__p264_fig118.tif
.\pottery\Thessaly\Decoration\Thessaly__Grey_On_Grey__Alram_1991__colorpl3_figc.tif,Thessaly,Decoration,Grey_On_Grey,QUH9G5V3,colorpl3_figc.tif,Thessaly__Grey_On_Grey__Alram_1991__colorpl3_figc.tif
.\pottery\Thessaly\Decoration\Thessaly__Impresso__Alram_1991__colorpl2_figa.tif,Thessaly,Decoration,Impresso,QUH9G5V3,colorpl2_figa.tif,Thessaly__Impresso__Alram_1991__colorpl2_figa.tif
".\pottery\Thessaly\Decoration\Thessaly__Incised(B2)__Alram_2015__pl60_figI,2-100.tif",Thessaly,Decoration,Incised(B2),PWAE9N9I,"pl60_figI,2-100.tif","Thessaly__Incised(B2)__Alram_2015__pl60_figI,2-100.tif"
.\pottery\Thessaly\Decoration\Thessaly__Monochrome_Red__Alram_2015__pl54_figAXI-001.tif,Thessaly,Decoration,Monochrome_Red,PWAE9N9I,pl54_figAXI-001.tif,Thessaly__Monochrome_Red__Alram_2015__pl54_figAXI-001.tif
.\pottery\Thessaly\Decoration\Thessaly__Monochrome_Undecorated__Alram_2015__pl56_figAIV-022.tif,Thessaly,Decoration,Monochrome_Undecorated,PWAE9N9I,pl56_figAIV-022.tif,Thessaly__Monochrome_Undecorated__Alram_2015__pl56_figAIV-022.tif
".\pottery\Thessaly\Decoration\Thessaly__Red_Burnished__Alram_2015__pl57_figI,17-021.tif",Thessaly,Decoration,Red_Burnished,PWAE9N9I,"pl57_figI,17-021.tif","Thessaly__Red_Burnished__Alram_2015__pl57_figI,17-021.tif"
.\pottery\Thessaly\Decoration\Thessaly__Red_On_Red__Alram_1991__colorpl3_figa.tif,Thessaly,Decoration,Red_On_Red,QUH9G5V3,colorpl3_figa.tif,Thessaly__Red_On_Red__Alram_1991__colorpl3_figa.tif
.\pottery\Thessaly\Decoration\Thessaly__Red_On_White__Alram_2015__pl54_figAVI-021.tif,Thessaly,Decoration,Red_On_White,PWAE9N9I,pl54_figAVI-021.tif,Thessaly__Red_On_White__Alram_2015__pl54_figAVI-021.tif
.\pottery\Thessaly\Decoration\Thessaly__Scraped__Alram_1991__colorpl2_figb.tif,Thessaly,Decoration,Scraped,QUH9G5V3,colorpl2_figb.tif,Thessaly__Scraped__Alram_1991__colorpl2_figb.tif
".\pottery\Thessaly\Decoration\Thessaly__White_On_Red__Alram_2015__pl70_figI,2-192.tif",Thessaly,Decoration,White_On_Red,PWAE9N9I,"pl70_figI,2-192.tif","Thessaly__White_On_Red__Alram_2015__pl70_figI,2-192.tif"
".\pottery\Thessaly\Detail\Thessaly__Double_Tab_Handle__Alram_2015__pl162_figI,4-056.tif",Thessaly,Detail,Double_Tab_Handle,PWAE9N9I,"pl162_figI,4-056.tif","Thessaly__Double_Tab_Handle__Alram_2015__pl162_figI,4-056.tif"
.\pottery\Thessaly\Detail\Thessaly__Elephant_Lug__Weisshaar_1989__pl21_fig3.tif,Thessaly,Detail,Elephant_Lug,G7MRJ8EQ,pl21_fig3.tif,Thessaly__Elephant_Lug__Weisshaar_1989__pl21_fig3.tif
.\pottery\Thessaly\Detail\Thessaly__Flat_Base__Alram_2015__pl102_figAIV-045.tif,Thessaly,Detail,Flat_Base,PWAE9N9I,pl102_figAIV-045.tif,Thessaly__Flat_Base__Alram_2015__pl102_figAIV-045.tif
".\pottery\Thessaly\Detail\Thessaly__High_Strap_Handle_With_Knob__Alram_2015__pl161_figI,4-041.tif",Thessaly,Detail,High_Strap_Handle_With_Knob,PWAE9N9I,"pl161_figI,4-041.tif","Thessaly__High_Strap_Handle_With_Knob__Alram_2015__pl161_figI,4-041.tif"
".\pottery\Thessaly\Detail\Thessaly__Horned_Strap_Handle__Alram_2015__pl154_figI,3-014.tif",Thessaly,Detail,Horned_Strap_Handle,PWAE9N9I,"pl154_figI,3-014.tif","Thessaly__Horned_Strap_Handle__Alram_2015__pl154_figI,3-014.tif"
.\pottery\Thessaly\Detail\Thessaly__Horn_Handle__Weisshaar_1989__pl21_fig15.tif,Thessaly,Detail,Horn_Handle,G7MRJ8EQ,pl21_fig15.tif,Thessaly__Horn_Handle__Weisshaar_1989__pl21_fig15.tif
".\pottery\Thessaly\Detail\Thessaly__Knob__Alram_2015__pl160_figI,4-038.tif",Thessaly,Detail,Knob,PWAE9N9I,"pl160_figI,4-038.tif","Thessaly__Knob__Alram_2015__pl160_figI,4-038.tif"
".\pottery\Thessaly\Detail\Thessaly__Ledge_Lug__Alram_2015__pl188_figI,5-017.tif",Thessaly,Detail,Ledge_Lug,PWAE9N9I,"pl188_figI,5-017.tif","Thessaly__Ledge_Lug__Alram_2015__pl188_figI,5-017.tif"
".\pottery\Thessaly\Detail\Thessaly__Pedestal_Base__Alram_2015__pl155_figI,3-022.tif",Thessaly,Detail,Pedestal_Base,PWAE9N9I,"pl155_figI,3-022.tif","Thessaly__Pedestal_Base__Alram_2015__pl155_figI,3-022.tif"
".\pottery\Thessaly\Detail\Thessaly__Rim_Attachement__Alram_2015__pl129_figI,2-028.tif",Thessaly,Detail,Rim_Attachement,PWAE9N9I,"pl129_figI,2-028.tif","Thessaly__Rim_Attachement__Alram_2015__pl129_figI,2-028.tif"
".\pottery\Thessaly\Detail\Thessaly__Ring_Handle__Alram_2015__pl161_figI,4-048.tif",Thessaly,Detail,Ring_Handle,PWAE9N9I,"pl161_figI,4-048.tif","Thessaly__Ring_Handle__Alram_2015__pl161_figI,4-048.tif"
".\pottery\Thessaly\Detail\Thessaly__Rolled_Rim__Alram_2015__pl166_figI,4-103.tif",Thessaly,Detail,Rolled_Rim,PWAE9N9I,"pl166_figI,4-103.tif","Thessaly__Rolled_Rim__Alram_2015__pl166_figI,4-103.tif"
".\pottery\Thessaly\Detail\Thessaly__Small_Ring_Handle__Alram_2015__pl159_figI,4-013.tif",Thessaly,Detail,Small_Ring_Handle,PWAE9N9I,"pl159_figI,4-013.tif","Thessaly__Small_Ring_Handle__Alram_2015__pl159_figI,4-013.tif"
".\pottery\Thessaly\Detail\Thessaly__Spout__Alram_2015__pl166_figI,4-102.tif",Thessaly,Detail,Spout,PWAE9N9I,"pl166_figI,4-102.tif","Thessaly__Spout__Alram_2015__pl166_figI,4-102.tif"
".\pottery\Thessaly\Detail\Thessaly__Strap_Handle_With_Knob__Alram_2015__pl157_figI,3-049.tif",Thessaly,Detail,Strap_Handle_With_Knob,PWAE9N9I,"pl157_figI,3-049.tif","Thessaly__Strap_Handle_With_Knob__Alram_2015__pl157_figI,3-049.tif"
.\pottery\Thessaly\Detail\Thessaly__Strap_Handle__Alram_2015__pl92_figAVII-015.tif,Thessaly,Detail,Strap_Handle,PWAE9N9I,pl92_figAVII-015.tif,Thessaly__Strap_Handle__Alram_2015__pl92_figAVII-015.tif
".\pottery\Thessaly\Detail\Thessaly__Stringhole_Lug__Alram_2015__pl201_figI,OF-037.tif",Thessaly,Detail,Stringhole_Lug,PWAE9N9I,"pl201_figI,OF-037.tif","Thessaly__Stringhole_Lug__Alram_2015__pl201_figI,OF-037.tif"
".\pottery\Thessaly\Detail\Thessaly__Tab_Handle__Alram_2015__pl165_figI,4-095.tif",Thessaly,Detail,Tab_Handle,PWAE9N9I,"pl165_figI,4-095.tif","Thessaly__Tab_Handle__Alram_2015__pl165_figI,4-095.tif"
".\pottery\Thessaly\Detail\Thessaly__Triangular_Ring_Handle__Alram_2015__pl126_figI,1-001.tif",Thessaly,Detail,Triangular_Ring_Handle,PWAE9N9I,"pl126_figI,1-001.tif","Thessaly__Triangular_Ring_Handle__Alram_2015__pl126_figI,1-001.tif"
".\pottery\Thessaly\Detail\Thessaly__Vertical_Knob_Row__Alram_2015__pl200_figI,OF-028.tif",Thessaly,Detail,Vertical_Knob_Row,PWAE9N9I,"pl200_figI,OF-028.tif","Thessaly__Vertical_Knob_Row__Alram_2015__pl200_figI,OF-028.tif"
".\pottery\Thessaly\Detail\Thessaly__Wishbone_Handle__Alram_2015__pl138_figI,2-121.tif",Thessaly,Detail,Wishbone_Handle,PWAE9N9I,"pl138_figI,2-121.tif","Thessaly__Wishbone_Handle__Alram_2015__pl138_figI,2-121.tif"
".\pottery\Thessaly\Detail\Thessaly__Zoomorphic_Handle_Attachement__Alram_2015__pl180_figI,4-256.tif",Thessaly,Detail,Zoomorphic_Handle_Attachement,PWAE9N9I,"pl180_figI,4-256.tif","Thessaly__Zoomorphic_Handle_Attachement__Alram_2015__pl180_figI,4-256.tif"
.\pottery\Thessaly\Form\Thessaly__Amphora__Alram_2015__taf57_figI17_021.tif,Thessaly,Form,Amphora,PWAE9N9I,taf57_figI17_021.tif,Thessaly__Amphora__Alram_2015__taf57_figI17_021.tif
.\pottery\Thessaly\Form\Thessaly__Askos__Hauptmann_1981__taf20_fig5.tif,Thessaly,Form,Askos,9KUZXP33,taf20_fig5.tif,Thessaly__Askos__Hauptmann_1981__taf20_fig5.tif
.\pottery\Thessaly\Form\Thessaly__Baking_Pan__Alram_2015__taf80_figb.tif,Thessaly,Form,Baking_Pan,PWAE9N9I,taf80_figb.tif,Thessaly__Baking_Pan__Alram_2015__taf80_figb.tif
.\pottery\Thessaly\Form\Thessaly__Basin__Papathanassopoulos_1996__p256_fig105.tif,Thessaly,Form,Basin,56BZVM8K,p256_fig105.tif,Thessaly__Basin__Papathanassopoulos_1996__p256_fig105.tif
.\pottery\Thessaly\Form\Thessaly__Bowl__Papathanassopoulos_1996__p264_fig117.tif,Thessaly,Form,Bowl,56BZVM8K,p264_fig117.tif,Thessaly__Bowl__Papathanassopoulos_1996__p264_fig117.tif
.\pottery\Thessaly\Form\Thessaly__Carinated_Bowl__Hauptmann_1981__taf21_fig5.tif,Thessaly,Form,Carinated_Bowl,9KUZXP33,taf21_fig5.tif,Thessaly__Carinated_Bowl__Hauptmann_1981__taf21_fig5.tif
.\pottery\Thessaly\Form\Thessaly__Cheese_Pot__Weisshaar_1989__taf62_fig4.tif,Thessaly,Form,Cheese_Pot,G7MRJ8EQ,taf62_fig4.tif,Thessaly__Cheese_Pot__Weisshaar_1989__taf62_fig4.tif
.\pottery\Thessaly\Form\Thessaly__Collared_Jar__Papathanassopoulos_1996__p260_fig111.tif,Thessaly,Form,Collared_Jar,56BZVM8K,p260_fig111.tif,Thessaly__Collared_Jar__Papathanassopoulos_1996__p260_fig111.tif
.\pottery\Thessaly\Form\Thessaly__Cup__Papathanassopoulos_1996__p255_fig101.tif,Thessaly,Form,Cup,56BZVM8K,p255_fig101.tif,Thessaly__Cup__Papathanassopoulos_1996__p255_fig101.tif
.\pottery\Thessaly\Form\Thessaly__Dimini_Bowl__Theocharis_1973__p122_fig59.tif,Thessaly,Form,Dimini_Bowl,R4FG67SM,p122_fig59.tif,Thessaly__Dimini_Bowl__Theocharis_1973__p122_fig59.tif
.\pottery\Thessaly\Form\Thessaly__Fruitstand__Mottier_1981__taf7.tif,Thessaly,Form,Fruitstand,DUPF6N22,taf7.tif,Thessaly__Fruitstand__Mottier_1981__taf7.tif
.\pottery\Thessaly\Form\Thessaly__Globular_Jar__Papathanassopoulos_1996__p259_fig110.tif,Thessaly,Form,Globular_Jar,56BZVM8K,p259_fig110.tif,Thessaly__Globular_Jar__Papathanassopoulos_1996__p259_fig110.tif
.\pottery\Thessaly\Form\Thessaly__Hole_Mouthed_Jar__Theocharis_1973__p69_fig26.tif,Thessaly,Form,Hole_Mouthed_Jar,R4FG67SM,p69_fig26.tif,Thessaly__Hole_Mouthed_Jar__Theocharis_1973__p69_fig26.tif
.\pottery\Thessaly\Form\Thessaly__Jug__Papathanassopoulos_1996__p257_fig106.tif,Thessaly,Form,Jug,56BZVM8K,p257_fig106.tif,Thessaly__Jug__Papathanassopoulos_1996__p257_fig106.tif
.\pottery\Thessaly\Form\Thessaly__Ladle__Theocharis_1973__p312_fig213.tif,Thessaly,Form,Ladle,R4FG67SM,p312_fig213.tif,Thessaly__Ladle__Theocharis_1973__p312_fig213.tif
.\pottery\Thessaly\Form\Thessaly__Lamp__Theocharis_1973__p312_fig216.tif,Thessaly,Form,Lamp,R4FG67SM,p312_fig216.tif,Thessaly__Lamp__Theocharis_1973__p312_fig216.tif
.\pottery\Thessaly\Form\Thessaly__Pithos__Weisshaar_1989__taf15.tif,Thessaly,Form,Pithos,G7MRJ8EQ,taf15.tif,Thessaly__Pithos__Weisshaar_1989__taf15.tif
.\pottery\Thessaly\Form\Thessaly__Scoop__Papathanassopoulos_1996__p263_fig116.tif,Thessaly,Form,Scoop,56BZVM8K,p263_fig116.tif,Thessaly__Scoop__Papathanassopoulos_1996__p263_fig116.tif
.\pottery\Thessaly\Form\Thessaly__Tripod__Theocharis_1973__p312_fig214.tif,Thessaly,Form,Tripod,R4FG67SM,p312_fig214.tif,Thessaly__Tripod__Theocharis_1973__p312_fig214.tif
.\pottery\Thessaly\Form\Thessaly__Tulip_Shaped_Beaker__Papathanassopoulos_1996__p255_fig102.tif,Thessaly,Form,Tulip_Shaped_Beaker,56BZVM8K,p255_fig102.tif,Thessaly__Tulip_Shaped_Beaker__Papathanassopoulos_1996__p255_fig102.tif
